id;name;terms;genus;species
Abies alba;Abies alba;Abies alba, Abies, alba;Abies;Abies alba
Abies bornmuelleriana;Abies bornmuelleriana;Abies bornmuelleriana, Abies, bornmuelleriana;Abies;Abies bornmuelleriana
Abies concolor;Abies concolor;Abies concolor, Abies, concolor;Abies;Abies concolor
Abies koreana;Abies koreana;Abies koreana, Abies, koreana;Abies;Abies koreana
Abies nordmanniana;Abies nordmanniana;Abies nordmanniana, Abies, nordmanniana;Abies;Abies nordmanniana
Abies numidica;Abies numidica;Abies numidica, Abies, numidica;Abies;Abies numidica
Abies pinsapo;Abies pinsapo;Abies pinsapo, Abies, pinsapo;Abies;Abies pinsapo
Acer buergerianum;Acer buergerianum;Acer buergerianum, Acer, buergerianum;Acer;Acer buergerianum
Acer campestre;Acer campestre;Acer campestre, Acer, campestre;Acer;Acer campestre
Acer capillipes;Acer capillipes;Acer capillipes, Acer, capillipes;Acer;Acer capillipes
Acer cappadocicum;Acer cappadocicum;Acer cappadocicum, Acer, cappadocicum;Acer;Acer cappadocicum
Acer griseum;Acer griseum;Acer griseum, Acer, griseum;Acer;Acer griseum
Acer heldreichii;Acer heldreichii;Acer heldreichii, Acer, heldreichii;Acer;Acer heldreichii
Acer hyrcanum;Acer hyrcanum;Acer hyrcanum, Acer, hyrcanum;Acer;Acer hyrcanum
Acer monspessulanum;Acer monspessulanum;Acer monspessulanum, Acer, monspessulanum;Acer;Acer monspessulanum
Acer obtusifolium;Acer obtusifolium;Acer obtusifolium, Acer, obtusifolium;Acer;Acer obtusifolium
Acer opalus;Acer opalus;Acer opalus, Acer, opalus;Acer;Acer opalus
Acer platanoides;Acer platanoides;Acer platanoides, Acer, platanoides;Acer;Acer platanoides
Acer pseudoplatanus;Acer pseudoplatanus;Acer pseudoplatanus, Acer, pseudoplatanus;Acer;Acer pseudoplatanus
Acer rubrum;Acer rubrum;Acer rubrum, Acer, rubrum;Acer;Acer rubrum
Acer saccharinum;Acer saccharinum;Acer saccharinum, Acer, saccharinum;Acer;Acer saccharinum
Acer tataricum;Acer tataricum;Acer tataricum, Acer, tataricum;Acer;Acer tataricum
Acer peronai;Acer peronai;Acer peronai, Acer, peronai;Acer;Acer peronai
Acer zoeschense;Acer zoeschense;Acer zoeschense, Acer, zoeschense;Acer;Acer zoeschense
Aesculus flava;Aesculus flava;Aesculus flava, Aesculus, flava;Aesculus;Aesculus flava
Aesculus hippocastanum;Aesculus hippocastanum;Aesculus hippocastanum, Aesculus, hippocastanum;Aesculus;Aesculus hippocastanum
Aesculus indica;Aesculus indica;Aesculus indica, Aesculus, indica;Aesculus;Aesculus indica
Aesculus × carnea;Aesculus × carnea;Aesculus × carnea, Aesculus, ×;Aesculus;Aesculus × carnea
Agonis flexuosa;Agonis flexuosa;Agonis flexuosa, Agonis, flexuosa;Agonis;Agonis flexuosa
Albizia julibrissin;Albizia julibrissin;Albizia julibrissin, Albizia, julibrissin;Albizia;Albizia julibrissin
Alniaria alnifolia;Alniaria alnifolia;Alniaria alnifolia, Alniaria, alnifolia;Alniaria;Alniaria alnifolia
Alnus cordata;Alnus cordata;Alnus cordata, Alnus, cordata;Alnus;Alnus cordata
Alnus glutinosa;Alnus glutinosa;Alnus glutinosa, Alnus, glutinosa;Alnus;Alnus glutinosa
Alnus incana;Alnus incana;Alnus incana, Alnus, incana;Alnus;Alnus incana
Alnus ×spaethii;Alnus ×spaethii;Alnus ×spaethii, Alnus, ×spaethii;Alnus;Alnus ×spaethii
Amelanchier alnifolia;Amelanchier alnifolia;Amelanchier alnifolia, Amelanchier, alnifolia;Amelanchier;Amelanchier alnifolia
Amelanchier canadensis;Amelanchier canadensis;Amelanchier canadensis, Amelanchier, canadensis;Amelanchier;Amelanchier canadensis
Amelanchier laevis;Amelanchier laevis;Amelanchier laevis, Amelanchier, laevis;Amelanchier;Amelanchier laevis
Amelanchier ovalis;Amelanchier ovalis;Amelanchier ovalis, Amelanchier, ovalis;Amelanchier;Amelanchier ovalis
Arbutus andrachne;Arbutus andrachne;Arbutus andrachne, Arbutus, andrachne;Arbutus;Arbutus andrachne
Arbutus unedo;Arbutus unedo;Arbutus unedo, Arbutus, unedo;Arbutus;Arbutus unedo
Ilex integrifolia;Ilex integrifolia;Ilex integrifolia, Ilex, integrifolia;Ilex;Ilex integrifolia
Robinia variegata;Robinia variegata;Robinia variegata, Robinia, variegata;Robinia;Robinia variegata
Betula pendula;Betula pendula;Betula pendula, Betula, pendula;Betula;Betula pendula
Betula pubescens;Betula pubescens;Betula pubescens, Betula, pubescens;Betula;Betula pubescens
Betula utilis;Betula utilis;Betula utilis, Betula, utilis;Betula;Betula utilis
Brachychiton acerifolius;Brachychiton acerifolius;Brachychiton acerifolius, Brachychiton, acerifolius;Brachychiton;Brachychiton acerifolius
Broussonetia papyrifera;Broussonetia papyrifera;Broussonetia papyrifera, Broussonetia, papyrifera;Broussonetia;Broussonetia papyrifera
Buddleja globosa;Buddleja globosa;Buddleja globosa, Buddleja, globosa;Buddleja;Buddleja globosa
Calocedrus decurrens;Calocedrus decurrens;Calocedrus decurrens, Calocedrus, decurrens;Calocedrus;Calocedrus decurrens
Carpinus betulus;Carpinus betulus;Carpinus betulus, Carpinus, betulus;Carpinus;Carpinus betulus
Carpinus orientalis;Carpinus orientalis;Carpinus orientalis, Carpinus, orientalis;Carpinus;Carpinus orientalis
Carpinus turczaninowii;Carpinus turczaninowii;Carpinus turczaninowii, Carpinus, turczaninowii;Carpinus;Carpinus turczaninowii
Carya cordiformis;Carya cordiformis;Carya cordiformis, Carya, cordiformis;Carya;Carya cordiformis
Carya illinoinensis;Carya illinoinensis;Carya illinoinensis, Carya, illinoinensis;Carya;Carya illinoinensis
Carya ovata;Carya ovata;Carya ovata, Carya, ovata;Carya;Carya ovata
Carya tomentosa;Carya tomentosa;Carya tomentosa, Carya, tomentosa;Carya;Carya tomentosa
Castanea sativa;Castanea sativa;Castanea sativa, Castanea, sativa;Castanea;Castanea sativa
Casuarina cunninghamiana;Casuarina cunninghamiana;Casuarina cunninghamiana, Casuarina, cunninghamiana;Casuarina;Casuarina cunninghamiana
Catalpa bignonioides;Catalpa bignonioides;Catalpa bignonioides, Catalpa, bignonioides;Catalpa;Catalpa bignonioides
Catalpa bungei;Catalpa bungei;Catalpa bungei, Catalpa, bungei;Catalpa;Catalpa bungei
Catalpa speciosa;Catalpa speciosa;Catalpa speciosa, Catalpa, speciosa;Catalpa;Catalpa speciosa
Cedrela sinensis;Cedrela sinensis;Cedrela sinensis, Cedrela, sinensis;Cedrela;Cedrela sinensis
Cedrus atlantica;Cedrus atlantica;Cedrus atlantica, Cedrus, atlantica;Cedrus;Cedrus atlantica
Cedrus deodara;Cedrus deodara;Cedrus deodara, Cedrus, deodara;Cedrus;Cedrus deodara
Cedrus libani;Cedrus libani;Cedrus libani, Cedrus, libani;Cedrus;Cedrus libani
Celtis australis;Celtis australis;Celtis australis, Celtis, australis;Celtis;Celtis australis
Celtis bungeana;Celtis bungeana;Celtis bungeana, Celtis, bungeana;Celtis;Celtis bungeana
Celtis caucasica;Celtis caucasica;Celtis caucasica, Celtis, caucasica;Celtis;Celtis caucasica
Celtis julianae;Celtis julianae;Celtis julianae, Celtis, julianae;Celtis;Celtis julianae
Celtis occidentalis;Celtis occidentalis;Celtis occidentalis, Celtis, occidentalis;Celtis;Celtis occidentalis
Celtis sinensis;Celtis sinensis;Celtis sinensis, Celtis, sinensis;Celtis;Celtis sinensis
Cercidiphyllum japonicum;Cercidiphyllum japonicum;Cercidiphyllum japonicum, Cercidiphyllum, japonicum;Cercidiphyllum;Cercidiphyllum japonicum
Cercis canadensis;Cercis canadensis;Cercis canadensis, Cercis, canadensis;Cercis;Cercis canadensis
Chionanthus retusus;Chionanthus retusus;Chionanthus retusus, Chionanthus, retusus;Chionanthus;Chionanthus retusus
Chionanthus virginicus;Chionanthus virginicus;Chionanthus virginicus, Chionanthus, virginicus;Chionanthus;Chionanthus virginicus
Chitalpa tashkentensis;Chitalpa tashkentensis;Chitalpa tashkentensis, Chitalpa, tashkentensis;Chitalpa;Chitalpa tashkentensis
Cinnamomum camphora;Cinnamomum camphora;Cinnamomum camphora, Cinnamomum, camphora;Cinnamomum;Cinnamomum camphora
Citrus trifoliata;Citrus trifoliata;Citrus trifoliata, Citrus, trifoliata;Citrus;Citrus trifoliata
Cladrastis kentukea;Cladrastis kentukea;Cladrastis kentukea, Cladrastis, kentukea;Cladrastis;Cladrastis kentukea
Cornus controversa;Cornus controversa;Cornus controversa, Cornus, controversa;Cornus;Cornus controversa
Cornus mas;Cornus mas;Cornus mas, Cornus, mas;Cornus;Cornus mas
Corylus avellana;Corylus avellana;Corylus avellana, Corylus, avellana;Corylus;Corylus avellana
Corylus colurna;Corylus colurna;Corylus colurna, Corylus, colurna;Corylus;Corylus colurna
Crataegus azarolus;Crataegus azarolus;Crataegus azarolus, Crataegus, azarolus;Crataegus;Crataegus azarolus
Crataegus laevigata;Crataegus laevigata;Crataegus laevigata, Crataegus, laevigata;Crataegus;Crataegus laevigata
Crataegus monogyna;Crataegus monogyna;Crataegus monogyna, Crataegus, monogyna;Crataegus;Crataegus monogyna
Crataegus ×lavalleei;Crataegus ×lavalleei;Crataegus ×lavalleei, Crataegus, ×lavalleei;Crataegus;Crataegus ×lavalleei
Cupressus cashmeriana;Cupressus cashmeriana;Cupressus cashmeriana, Cupressus, cashmeriana;Cupressus;Cupressus cashmeriana
Cupressus sempervirens;Cupressus sempervirens;Cupressus sempervirens, Cupressus, sempervirens;Cupressus;Cupressus sempervirens
Cydonia oblonga;Cydonia oblonga;Cydonia oblonga, Cydonia, oblonga;Cydonia;Cydonia oblonga
Davidia involucrata;Davidia involucrata;Davidia involucrata, Davidia, involucrata;Davidia;Davidia involucrata
Diospyros kaki;Diospyros kaki;Diospyros kaki, Diospyros, kaki;Diospyros;Diospyros kaki
Diospyros lotus;Diospyros lotus;Diospyros lotus, Diospyros, lotus;Diospyros;Diospyros lotus
Diospyros virginiana;Diospyros virginiana;Diospyros virginiana, Diospyros, virginiana;Diospyros;Diospyros virginiana
Euodia acuminata;Euodia acuminata;Euodia acuminata, Euodia, acuminata;Euodia;Euodia acuminata
Ehretia dicksonii;Ehretia dicksonii;Ehretia dicksonii, Ehretia, dicksonii;Ehretia;Ehretia dicksonii
Elaeagnus angustifolia;Elaeagnus angustifolia;Elaeagnus angustifolia, Elaeagnus, angustifolia;Elaeagnus;Elaeagnus angustifolia
Eriobotrya deflexa;Eriobotrya deflexa;Eriobotrya deflexa, Eriobotrya, deflexa;Eriobotrya;Eriobotrya deflexa
Eucalyptus niphophila;Eucalyptus niphophila;Eucalyptus niphophila, Eucalyptus, niphophila;Eucalyptus;Eucalyptus niphophila
Eucommia ulmoides;Eucommia ulmoides;Eucommia ulmoides, Eucommia, ulmoides;Eucommia;Eucommia ulmoides
Fagus crenata;Fagus crenata;Fagus crenata, Fagus, crenata;Fagus;Fagus crenata
Fagus grandifolia;Fagus grandifolia;Fagus grandifolia, Fagus, grandifolia;Fagus;Fagus grandifolia
Fagus japonica;Fagus japonica;Fagus japonica, Fagus, japonica;Fagus;Fagus japonica
Fagus orientalis;Fagus orientalis;Fagus orientalis, Fagus, orientalis;Fagus;Fagus orientalis
Fagus sylvatica;Fagus sylvatica;Fagus sylvatica, Fagus, sylvatica;Fagus;Fagus sylvatica
Ficus carica;Ficus carica;Ficus carica, Ficus, carica;Ficus;Ficus carica
Firmiana simplex;Firmiana simplex;Firmiana simplex, Firmiana, simplex;Firmiana;Firmiana simplex
Fontanesia phillyraeoides;Fontanesia phillyraeoides;Fontanesia phillyraeoides, Fontanesia, phillyraeoides;Fontanesia;Fontanesia phillyraeoides
Fraxinus americana;Fraxinus americana;Fraxinus americana, Fraxinus, americana;Fraxinus;Fraxinus americana
Fraxinus angustifolia;Fraxinus angustifolia;Fraxinus angustifolia, Fraxinus, angustifolia;Fraxinus;Fraxinus angustifolia
Fraxinus excelsior;Fraxinus excelsior;Fraxinus excelsior, Fraxinus, excelsior;Fraxinus;Fraxinus excelsior
Fraxinus mandshurica;Fraxinus mandshurica;Fraxinus mandshurica, Fraxinus, mandshurica;Fraxinus;Fraxinus mandshurica
Fraxinus ornus;Fraxinus ornus;Fraxinus ornus, Fraxinus, ornus;Fraxinus;Fraxinus ornus
Fraxinus sieboldiana;Fraxinus sieboldiana;Fraxinus sieboldiana, Fraxinus, sieboldiana;Fraxinus;Fraxinus sieboldiana
Fraxinus velutina;Fraxinus velutina;Fraxinus velutina, Fraxinus, velutina;Fraxinus;Fraxinus velutina
Ginkgo biloba;Ginkgo biloba;Ginkgo biloba, Ginkgo, biloba;Ginkgo;Ginkgo biloba
Gleditsia triacanthos;Gleditsia triacanthos;Gleditsia triacanthos, Gleditsia, triacanthos;Gleditsia;Gleditsia triacanthos
Grevillea robusta;Grevillea robusta;Grevillea robusta, Grevillea, robusta;Grevillea;Grevillea robusta
Gymnocladus dioica;Gymnocladus dioica;Gymnocladus dioica, Gymnocladus, dioica;Gymnocladus;Gymnocladus dioica
Halesia carolina;Halesia carolina;Halesia carolina, Halesia, carolina;Halesia;Halesia carolina
Halesia monticola;Halesia monticola;Halesia monticola, Halesia, monticola;Halesia;Halesia monticola
Heptacodium miconioides;Heptacodium miconioides;Heptacodium miconioides, Heptacodium, miconioides;Heptacodium;Heptacodium miconioides
Hibiscus syriacus;Hibiscus syriacus;Hibiscus syriacus, Hibiscus, syriacus;Hibiscus;Hibiscus syriacus
Hippophae rhamnoides;Hippophae rhamnoides;Hippophae rhamnoides, Hippophae, rhamnoides;Hippophae;Hippophae rhamnoides
Idesia polycarpa;Idesia polycarpa;Idesia polycarpa, Idesia, polycarpa;Idesia;Idesia polycarpa
Ilex aquifolium;Ilex aquifolium;Ilex aquifolium, Ilex, aquifolium;Ilex;Ilex aquifolium
Ilex castaneifolium;Ilex castaneifolium;Ilex castaneifolium, Ilex, castaneifolium;Ilex;Ilex castaneifolium
Juglans regia;Juglans regia;Juglans regia, Juglans, regia;Juglans;Juglans regia
Koelreuteria bipinnata;Koelreuteria bipinnata;Koelreuteria bipinnata, Koelreuteria, bipinnata;Koelreuteria;Koelreuteria bipinnata
Koelreuteria paniculata;Koelreuteria paniculata;Koelreuteria paniculata, Koelreuteria, paniculata;Koelreuteria;Koelreuteria paniculata
Lagerstroemia indica;Lagerstroemia indica;Lagerstroemia indica, Lagerstroemia, indica;Lagerstroemia;Lagerstroemia indica
Larix decidua;Larix decidua;Larix decidua, Larix, decidua;Larix;Larix decidua
Laurus nobilis;Laurus nobilis;Laurus nobilis, Laurus, nobilis;Laurus;Laurus nobilis
Ligustrum ibota;Ligustrum ibota;Ligustrum ibota, Ligustrum, ibota;Ligustrum;Ligustrum ibota
Ligustrum vulgare;Ligustrum vulgare;Ligustrum vulgare, Ligustrum, vulgare;Ligustrum;Ligustrum vulgare
Liquidambar formosana;Liquidambar formosana;Liquidambar formosana, Liquidambar, formosana;Liquidambar;Liquidambar formosana
Liquidambar orientalis;Liquidambar orientalis;Liquidambar orientalis, Liquidambar, orientalis;Liquidambar;Liquidambar orientalis
Liquidambar styraciflua;Liquidambar styraciflua;Liquidambar styraciflua, Liquidambar, styraciflua;Liquidambar;Liquidambar styraciflua
Liriodendron chinense;Liriodendron chinense;Liriodendron chinense, Liriodendron, chinense;Liriodendron;Liriodendron chinense
Liriodendron tulipifera;Liriodendron tulipifera;Liriodendron tulipifera, Liriodendron, tulipifera;Liriodendron;Liriodendron tulipifera
Maackia chinensis;Maackia chinensis;Maackia chinensis, Maackia, chinensis;Maackia;Maackia chinensis
Maclura pomifera;Maclura pomifera;Maclura pomifera, Maclura, pomifera;Maclura;Maclura pomifera
Magnolia acuminata;Magnolia acuminata;Magnolia acuminata, Magnolia, acuminata;Magnolia;Magnolia acuminata
Magnolia grandiflora;Magnolia grandiflora;Magnolia grandiflora, Magnolia, grandiflora;Magnolia;Magnolia grandiflora
Magnolia kobus;Magnolia kobus;Magnolia kobus, Magnolia, kobus;Magnolia;Magnolia kobus
Magnolia ×soulangeana;Magnolia ×soulangeana;Magnolia ×soulangeana, Magnolia, ×soulangeana;Magnolia;Magnolia ×soulangeana
Malus domestica;Malus domestica;Malus domestica, Malus, domestica;Malus;Malus domestica
Malus × floribunda;Malus × floribunda;Malus × floribunda, Malus, ×;Malus;Malus × floribunda
Malus spectabilis;Malus spectabilis;Malus spectabilis, Malus, spectabilis;Malus;Malus spectabilis
Malus sylvestris;Malus sylvestris;Malus sylvestris, Malus, sylvestris;Malus;Malus sylvestris
Malus trilobata;Malus trilobata;Malus trilobata, Malus, trilobata;Malus;Malus trilobata
Malus tschonoskii;Malus tschonoskii;Malus tschonoskii, Malus, tschonoskii;Malus;Malus tschonoskii
Melia azedarach;Melia azedarach;Melia azedarach, Melia, azedarach;Melia;Melia azedarach
Mespilus germanica;Mespilus germanica;Mespilus germanica, Mespilus, germanica;Mespilus;Mespilus germanica
Metasequoia glibtostroboides;Metasequoia glibtostroboides;Metasequoia glibtostroboides, Metasequoia, glibtostroboides;Metasequoia;Metasequoia glibtostroboides
Metrosideros excelsa;Metrosideros excelsa;Metrosideros excelsa, Metrosideros, excelsa;Metrosideros;Metrosideros excelsa
Morus alba;Morus alba;Morus alba, Morus, alba;Morus;Morus alba
Morus australis;Morus australis;Morus australis, Morus, australis;Morus;Morus australis
Morus kagayamae;Morus kagayamae;Morus kagayamae, Morus, kagayamae;Morus;Morus kagayamae
Morus nigra;Morus nigra;Morus nigra, Morus, nigra;Morus;Morus nigra
Morus rubra;Morus rubra;Morus rubra, Morus, rubra;Morus;Morus rubra
Nyssa sylvatica;Nyssa sylvatica;Nyssa sylvatica, Nyssa, sylvatica;Nyssa;Nyssa sylvatica
Olea europaea;Olea europaea;Olea europaea, Olea, europaea;Olea;Olea europaea
Ostrya carpinifolia;Ostrya carpinifolia;Ostrya carpinifolia, Ostrya, carpinifolia;Ostrya;Ostrya carpinifolia
Ostrya virginiana;Ostrya virginiana;Ostrya virginiana, Ostrya, virginiana;Ostrya;Ostrya virginiana
Parrotia persica;Parrotia persica;Parrotia persica, Parrotia, persica;Parrotia;Parrotia persica
Paulownia tomentosa;Paulownia tomentosa;Paulownia tomentosa, Paulownia, tomentosa;Paulownia;Paulownia tomentosa
Phellodendron amurense;Phellodendron amurense;Phellodendron amurense, Phellodendron, amurense;Phellodendron;Phellodendron amurense
Photinia serratifolia;Photinia serratifolia;Photinia serratifolia, Photinia, serratifolia;Photinia;Photinia serratifolia
Picea abies;Picea abies;Picea abies, Picea, abies;Picea;Picea abies
Picea orientalis;Picea orientalis;Picea orientalis, Picea, orientalis;Picea;Picea orientalis
Pinus brutia;Pinus brutia;Pinus brutia, Pinus, brutia;Pinus;Pinus brutia
Pinus bungeana;Pinus bungeana;Pinus bungeana, Pinus, bungeana;Pinus;Pinus bungeana
Prunus griffithii;Prunus griffithii;Prunus griffithii, Prunus, griffithii;Prunus;Prunus griffithii
Pinus halepensis;Pinus halepensis;Pinus halepensis, Pinus, halepensis;Pinus;Pinus halepensis
Pinus nigra;Pinus nigra;Pinus nigra, Pinus, nigra;Pinus;Pinus nigra
Pinus parviflora;Pinus parviflora;Pinus parviflora, Pinus, parviflora;Pinus;Pinus parviflora
Pinus pinaster;Pinus pinaster;Pinus pinaster, Pinus, pinaster;Pinus;Pinus pinaster
Pinus pinea;Pinus pinea;Pinus pinea, Pinus, pinea;Pinus;Pinus pinea
Pinus ponderosa;Pinus ponderosa;Pinus ponderosa, Pinus, ponderosa;Pinus;Pinus ponderosa
Pinus strobus;Pinus strobus;Pinus strobus, Pinus, strobus;Pinus;Pinus strobus
Pinus sylvestris;Pinus sylvestris;Pinus sylvestris, Pinus, sylvestris;Pinus;Pinus sylvestris
Pinus uncinata;Pinus uncinata;Pinus uncinata, Pinus, uncinata;Pinus;Pinus uncinata
Pistacia atlantica;Pistacia atlantica;Pistacia atlantica, Pistacia, atlantica;Pistacia;Pistacia atlantica
Pistacia chinensis;Pistacia chinensis;Pistacia chinensis, Pistacia, chinensis;Pistacia;Pistacia chinensis
Pistacia lentiscus;Pistacia lentiscus;Pistacia lentiscus, Pistacia, lentiscus;Pistacia;Pistacia lentiscus
Pistacia terebinthus;Pistacia terebinthus;Pistacia terebinthus, Pistacia, terebinthus;Pistacia;Pistacia terebinthus
Platanus ×hispanica;Platanus ×hispanica;Platanus ×hispanica, Platanus, ×hispanica;Platanus;Platanus ×hispanica
Platanus orientalis;Platanus orientalis;Platanus orientalis, Platanus, orientalis;Platanus;Platanus orientalis
Populus alba;Populus alba;Populus alba, Populus, alba;Populus;Populus alba
Populus nigra;Populus nigra;Populus nigra, Populus, nigra;Populus;Populus nigra
Populus simonii;Populus simonii;Populus simonii, Populus, simonii;Populus;Populus simonii
Populus tremula;Populus tremula;Populus tremula, Populus, tremula;Populus;Populus tremula
Populus canescens;Populus canescens;Populus canescens, Populus, canescens;Populus;Populus canescens
Prunus armeniaca;Prunus armeniaca;Prunus armeniaca, Prunus, armeniaca;Prunus;Prunus armeniaca
Prunus avium;Prunus avium;Prunus avium, Prunus, avium;Prunus;Prunus avium
Prunus cerasifera;Prunus cerasifera;Prunus cerasifera, Prunus, cerasifera;Prunus;Prunus cerasifera
Prunus domestica;Prunus domestica;Prunus domestica, Prunus, domestica;Prunus;Prunus domestica
Prunus dulcis;Prunus dulcis;Prunus dulcis, Prunus, dulcis;Prunus;Prunus dulcis
Prunus incisa;Prunus incisa;Prunus incisa, Prunus, incisa;Prunus;Prunus incisa
Prunus lusitanica;Prunus lusitanica;Prunus lusitanica, Prunus, lusitanica;Prunus;Prunus lusitanica
Prunus mahaleb;Prunus mahaleb;Prunus mahaleb, Prunus, mahaleb;Prunus;Prunus mahaleb
Prunus padus;Prunus padus;Prunus padus, Prunus, padus;Prunus;Prunus padus
Prunus persica;Prunus persica;Prunus persica, Prunus, persica;Prunus;Prunus persica
Prunus sargentii;Prunus sargentii;Prunus sargentii, Prunus, sargentii;Prunus;Prunus sargentii
Prunus serrula;Prunus serrula;Prunus serrula, Prunus, serrula;Prunus;Prunus serrula
Prunus serrulata;Prunus serrulata;Prunus serrulata, Prunus, serrulata;Prunus;Prunus serrulata
Prunus spinosa;Prunus spinosa;Prunus spinosa, Prunus, spinosa;Prunus;Prunus spinosa
Prunus ×subhirtella;Prunus ×subhirtella;Prunus ×subhirtella, Prunus, ×subhirtella;Prunus;Prunus ×subhirtella
Prunus triloba;Prunus triloba;Prunus triloba, Prunus, triloba;Prunus;Prunus triloba
Prunus ×schmittii;Prunus ×schmittii;Prunus ×schmittii, Prunus, ×schmittii;Prunus;Prunus ×schmittii
Prunus × yedoensis;Prunus × yedoensis;Prunus × yedoensis, Prunus, ×;Prunus;Prunus × yedoensis
Pseudotsuga sinensis;Pseudotsuga sinensis;Pseudotsuga sinensis, Pseudotsuga, sinensis;Pseudotsuga;Pseudotsuga sinensis
Ptelea trifoliata;Ptelea trifoliata;Ptelea trifoliata, Ptelea, trifoliata;Ptelea;Ptelea trifoliata
Pterocarya fraxinifolia;Pterocarya fraxinifolia;Pterocarya fraxinifolia, Pterocarya, fraxinifolia;Pterocarya;Pterocarya fraxinifolia
Pterocarya stenoptera;Pterocarya stenoptera;Pterocarya stenoptera, Pterocarya, stenoptera;Pterocarya;Pterocarya stenoptera
Pteroceltis tatarinowii;Pteroceltis tatarinowii;Pteroceltis tatarinowii, Pteroceltis, tatarinowii;Pteroceltis;Pteroceltis tatarinowii
Pterostyrax hispidus;Pterostyrax hispidus;Pterostyrax hispidus, Pterostyrax, hispidus;Pterostyrax;Pterostyrax hispidus
Punica granatum;Punica granatum;Punica granatum, Punica, granatum;Punica;Punica granatum
Pyrus calleryana;Pyrus calleryana;Pyrus calleryana, Pyrus, calleryana;Pyrus;Pyrus calleryana
Pyrus communis;Pyrus communis;Pyrus communis, Pyrus, communis;Pyrus;Pyrus communis
Pyrus pyrifolia;Pyrus pyrifolia;Pyrus pyrifolia, Pyrus, pyrifolia;Pyrus;Pyrus pyrifolia
Pyrus spinosa;Pyrus spinosa;Pyrus spinosa, Pyrus, spinosa;Pyrus;Pyrus spinosa
Quercus acutissima;Quercus acutissima;Quercus acutissima, Quercus, acutissima;Quercus;Quercus acutissima
Quercus afares;Quercus afares;Quercus afares, Quercus, afares;Quercus;Quercus afares
Quercus aquifolioides;Quercus aquifolioides;Quercus aquifolioides, Quercus, aquifolioides;Quercus;Quercus aquifolioides
Quercus bicolor;Quercus bicolor;Quercus bicolor, Quercus, bicolor;Quercus;Quercus bicolor
Quercus canariensis;Quercus canariensis;Quercus canariensis, Quercus, canariensis;Quercus;Quercus canariensis
Quercus castaneifolia;Quercus castaneifolia;Quercus castaneifolia, Quercus, castaneifolia;Quercus;Quercus castaneifolia
Quercus cerris;Quercus cerris;Quercus cerris, Quercus, cerris;Quercus;Quercus cerris
Quercus coccifera;Quercus coccifera;Quercus coccifera, Quercus, coccifera;Quercus;Quercus coccifera
Quercus faginea;Quercus faginea;Quercus faginea, Quercus, faginea;Quercus;Quercus faginea
Quercus falcata;Quercus falcata;Quercus falcata, Quercus, falcata;Quercus;Quercus falcata
Quercus frainetto;Quercus frainetto;Quercus frainetto, Quercus, frainetto;Quercus;Quercus frainetto
Quercus glauca;Quercus glauca;Quercus glauca, Quercus, glauca;Quercus;Quercus glauca
Quercus ilex;Quercus ilex;Quercus ilex, Quercus, ilex;Quercus;Quercus ilex
Quercus imbricaria;Quercus imbricaria;Quercus imbricaria, Quercus, imbricaria;Quercus;Quercus imbricaria
Quercus infectoria;Quercus infectoria;Quercus infectoria, Quercus, infectoria;Quercus;Quercus infectoria
Quercus ithaburensis;Quercus ithaburensis;Quercus ithaburensis, Quercus, ithaburensis;Quercus;Quercus ithaburensis
Quercus laurifolia;Quercus laurifolia;Quercus laurifolia, Quercus, laurifolia;Quercus;Quercus laurifolia
Quercus libani;Quercus libani;Quercus libani, Quercus, libani;Quercus;Quercus libani
Quercus macranthera;Quercus macranthera;Quercus macranthera, Quercus, macranthera;Quercus;Quercus macranthera
Quercus myrsinifolia;Quercus myrsinifolia;Quercus myrsinifolia, Quercus, myrsinifolia;Quercus;Quercus myrsinifolia
Quercus petraea;Quercus petraea;Quercus petraea, Quercus, petraea;Quercus;Quercus petraea
Quercus phellos;Quercus phellos;Quercus phellos, Quercus, phellos;Quercus;Quercus phellos
Quercus pubescens;Quercus pubescens;Quercus pubescens, Quercus, pubescens;Quercus;Quercus pubescens
Quercus pyrenaica;Quercus pyrenaica;Quercus pyrenaica, Quercus, pyrenaica;Quercus;Quercus pyrenaica
Quercus robur;Quercus robur;Quercus robur, Quercus, robur;Quercus;Quercus robur
Quercus rotundifolia;Quercus rotundifolia;Quercus rotundifolia, Quercus, rotundifolia;Quercus;Quercus rotundifolia
Quercus rubra;Quercus rubra;Quercus rubra, Quercus, rubra;Quercus;Quercus rubra
Quercus rysophylla;Quercus rysophylla;Quercus rysophylla, Quercus, rysophylla;Quercus;Quercus rysophylla
Quercus shumardii;Quercus shumardii;Quercus shumardii, Quercus, shumardii;Quercus;Quercus shumardii
Quercus suber;Quercus suber;Quercus suber, Quercus, suber;Quercus;Quercus suber
Quercus texana;Quercus texana;Quercus texana, Quercus, texana;Quercus;Quercus texana
Quercus trojana;Quercus trojana;Quercus trojana, Quercus, trojana;Quercus;Quercus trojana
Quercus variabilis;Quercus variabilis;Quercus variabilis, Quercus, variabilis;Quercus;Quercus variabilis
Quercus velutina;Quercus velutina;Quercus velutina, Quercus, velutina;Quercus;Quercus velutina
Quercus × hispanica;Quercus × hispanica;Quercus × hispanica, Quercus, ×;Quercus;Quercus × hispanica
Quillaja saponaria;Quillaja saponaria;Quillaja saponaria, Quillaja, saponaria;Quillaja;Quillaja saponaria
Raphiolepsis deflexa;Raphiolepsis deflexa;Raphiolepsis deflexa, Raphiolepsis, deflexa;Raphiolepsis;Raphiolepsis deflexa
Salix alba;Salix alba;Salix alba, Salix, alba;Salix;Salix alba
Salix viminalis;Salix viminalis;Salix viminalis, Salix, viminalis;Salix;Salix viminalis
Sambucus nigra;Sambucus nigra;Sambucus nigra, Sambucus, nigra;Sambucus;Sambucus nigra
Sapindus saponaria;Sapindus saponaria;Sapindus saponaria, Sapindus, saponaria;Sapindus;Sapindus saponaria
Schinus molle;Schinus molle;Schinus molle, Schinus, molle;Schinus;Schinus molle
Senegalia visco;Senegalia visco;Senegalia visco, Senegalia, visco;Senegalia;Senegalia visco
Sequoiadendron giganteum;Sequoiadendron giganteum;Sequoiadendron giganteum, Sequoiadendron, giganteum;Sequoiadendron;Sequoiadendron giganteum
Sequoia sempervirens;Sequoia sempervirens;Sequoia sempervirens, Sequoia, sempervirens;Sequoia;Sequoia sempervirens
Sophora japonica;Sophora japonica;Sophora japonica, Sophora, japonica;Sophora;Sophora japonica
Sorbus aria;Sorbus aria;Sorbus aria, Sorbus, aria;Sorbus;Sorbus aria
Sorbus aucuparia;Sorbus aucuparia;Sorbus aucuparia, Sorbus, aucuparia;Sorbus;Sorbus aucuparia
Sorbus domestica;Sorbus domestica;Sorbus domestica, Sorbus, domestica;Sorbus;Sorbus domestica
Sorbus intermedia;Sorbus intermedia;Sorbus intermedia, Sorbus, intermedia;Sorbus;Sorbus intermedia
Sorbus torminalis;Sorbus torminalis;Sorbus torminalis, Sorbus, torminalis;Sorbus;Sorbus torminalis
Sorbus × thuringiaca;Sorbus × thuringiaca;Sorbus × thuringiaca, Sorbus, ×;Sorbus;Sorbus × thuringiaca
Styrax japonicus;Styrax japonicus;Styrax japonicus, Styrax, japonicus;Styrax;Styrax japonicus
Sycoparrotia semidecidua;Sycoparrotia semidecidua;Sycoparrotia semidecidua, Sycoparrotia, semidecidua;Sycoparrotia;Sycoparrotia semidecidua
Syringa vulgaris;Syringa vulgaris;Syringa vulgaris, Syringa, vulgaris;Syringa;Syringa vulgaris
Tamarix africana;Tamarix africana;Tamarix africana, Tamarix, africana;Tamarix;Tamarix africana
Tamarix gallica;Tamarix gallica;Tamarix gallica, Tamarix, gallica;Tamarix;Tamarix gallica
Taxodium distichum;Taxodium distichum;Taxodium distichum, Taxodium, distichum;Taxodium;Taxodium distichum
Taxus baccata;Taxus baccata;Taxus baccata, Taxus, baccata;Taxus;Taxus baccata
Tetradium daniellii;Tetradium daniellii;Tetradium daniellii, Tetradium, daniellii;Tetradium;Tetradium daniellii
Tilia americana;Tilia americana;Tilia americana, Tilia, americana;Tilia;Tilia americana
Tilia cordata;Tilia cordata;Tilia cordata, Tilia, cordata;Tilia;Tilia cordata
Tilia dasystyla;Tilia dasystyla;Tilia dasystyla, Tilia, dasystyla;Tilia;Tilia dasystyla
Tilia henryana;Tilia henryana;Tilia henryana, Tilia, henryana;Tilia;Tilia henryana
Tilia kiusiana;Tilia kiusiana;Tilia kiusiana, Tilia, kiusiana;Tilia;Tilia kiusiana
Tilia mongolica;Tilia mongolica;Tilia mongolica, Tilia, mongolica;Tilia;Tilia mongolica
Tilia platyphyllos;Tilia platyphyllos;Tilia platyphyllos, Tilia, platyphyllos;Tilia;Tilia platyphyllos
Tilia tomentosa;Tilia tomentosa;Tilia tomentosa, Tilia, tomentosa;Tilia;Tilia tomentosa
Tilia euchlora;Tilia euchlora;Tilia euchlora, Tilia, euchlora;Tilia;Tilia euchlora
Tipuana tipu;Tipuana tipu;Tipuana tipu, Tipuana, tipu;Tipuana;Tipuana tipu
Ulmus glabra;Ulmus glabra;Ulmus glabra, Ulmus, glabra;Ulmus;Ulmus glabra
Ulmus laevis;Ulmus laevis;Ulmus laevis, Ulmus, laevis;Ulmus;Ulmus laevis
Ulmus minor;Ulmus minor;Ulmus minor, Ulmus, minor;Ulmus;Ulmus minor
Ulmus parvifolia;Ulmus parvifolia;Ulmus parvifolia, Ulmus, parvifolia;Ulmus;Ulmus parvifolia
Ulmus pumila;Ulmus pumila;Ulmus pumila, Ulmus, pumila;Ulmus;Ulmus pumila
Vitex agnus-castus;Vitex agnus-castus;Vitex agnus-castus, Vitex, agnus-castus;Vitex;Vitex agnus-castus
Zelkova carpinifolia;Zelkova carpinifolia;Zelkova carpinifolia, Zelkova, carpinifolia;Zelkova;Zelkova carpinifolia
Zelkova serrata;Zelkova serrata;Zelkova serrata, Zelkova, serrata;Zelkova;Zelkova serrata
